{
    "loss": 12.31104564666748,
    "accuracy": 0.5686274766921997
}